orders_id,product_id,invoice_id,order_datetime,quantity
1,107,20220902081028,"2022-09-02 08:10:28",5
2,78,20220902081028,"2022-09-02 11:01:44",1
3,42,20220902081028,"2022-09-02 14:18:33",1
4,73,20220902081028,"2022-09-02 16:46:07",2
5,86,20220903091341,"2022-09-03 09:13:41",3
6,80,20220903091341,"2022-09-03 16:25:38",4
7,15,20220904085624,"2022-09-04 08:56:24",5
8,61,20220905101747,"2022-09-05 10:17:47",4
9,42,20220905101747,"2022-09-05 11:08:51",4
10,89,20220905101747,"2022-09-05 16:38:11",3
11,68,20220906092712,"2022-09-06 09:27:12",5
12,98,20220906092712,"2022-09-06 09:35:06",5
13,48,20220906092712,"2022-09-06 09:40:47",5
14,50,20220907093931,"2022-09-07 09:39:31",1
15,43,20220907093931,"2022-09-07 10:26:14",5
16,94,20220907093931,"2022-09-07 13:39:58",2
17,91,20220907093931,"2022-09-07 15:58:46",4
18,14,20220908082145,"2022-09-08 08:21:45",1
19,17,20220908082145,"2022-09-08 10:28:59",4
20,73,20220909092219,"2022-09-09 09:22:19",1
21,80,20220909092219,"2022-09-09 10:36:48",2
22,45,20220909092219,"2022-09-09 11:12:11",1
23,28,20220910093446,"2022-09-10 09:34:46",1
24,73,20220911110411,"2022-09-11 11:04:11",5
25,47,20220911110411,"2022-09-11 14:21:31",1
26,52,20220912081145,"2022-09-12 08:11:45",2
27,27,20220912081145,"2022-09-12 09:02:51",1
28,97,20220912081145,"2022-09-12 09:22:08",3
29,24,20220912081145,"2022-09-12 15:43:06",4
30,47,20220913081549,"2022-09-13 08:15:49",1
31,17,20220914092546,"2022-09-14 09:25:46",2
32,15,20220914092546,"2022-09-14 12:41:09",5
33,102,20220914092546,"2022-09-14 12:41:59",5
34,80,20220915081136,"2022-09-15 08:11:36",3
35,38,20220915081136,"2022-09-15 10:15:59",1
36,17,20220915081136,"2022-09-15 10:30:39",3
37,16,20220915081136,"2022-09-15 12:48:36",4
38,61,20220915081136,"2022-09-15 14:57:03",1
39,99,20220915081136,"2022-09-15 15:53:18",4
40,14,20220916080537,"2022-09-16 08:05:37",3
41,93,20220916080537,"2022-09-16 11:30:07",4
42,59,20220916080537,"2022-09-16 12:00:10",4
43,42,20220916080537,"2022-09-16 12:41:01",5
44,97,20220916080537,"2022-09-16 12:43:51",1
45,35,20220916080537,"2022-09-16 16:17:52",3
46,77,20220918103356,"2022-09-18 10:33:56",1
47,97,20220918103356,"2022-09-18 12:35:08",1
48,16,20220919105726,"2022-09-19 10:57:26",3
49,51,20220919105726,"2022-09-19 11:31:45",5
50,82,20220919105726,"2022-09-19 12:44:17",5
51,40,20220919105726,"2022-09-19 14:49:09",5
52,100,20220919105726,"2022-09-19 15:52:42",1
53,103,20220920153633,"2022-09-20 15:36:33",1
54,42,20220921095638,"2022-09-21 09:56:38",1
55,60,20220921095638,"2022-09-21 10:19:21",1
56,62,20220921095638,"2022-09-21 16:08:56",4
57,11,20220922155604,"2022-09-22 15:56:04",5
58,44,20220923092352,"2022-09-23 09:23:52",2
59,105,20220923092352,"2022-09-23 12:34:21",4
60,80,20220923092352,"2022-09-23 13:26:44",2
61,42,20220923092352,"2022-09-23 15:56:26",2
62,93,20220924092429,"2022-09-24 09:24:29",2
63,38,20220924092429,"2022-09-24 09:58:33",2
64,102,20220924092429,"2022-09-24 13:42:33",4
65,61,20220925100217,"2022-09-25 10:02:17",3
66,15,20220925100217,"2022-09-25 10:18:03",5
67,46,20220925100217,"2022-09-25 10:21:42",1
68,44,20220925100217,"2022-09-25 13:03:06",3
69,77,20220926083546,"2022-09-26 08:35:46",4
70,26,20220926083546,"2022-09-26 08:55:44",2
71,40,20220926083546,"2022-09-26 09:19:08",4
72,58,20220927115121,"2022-09-27 11:51:21",1
73,78,20220927115121,"2022-09-27 12:31:17",2
74,41,20220927115121,"2022-09-27 16:28:36",2
75,27,20220928080404,"2022-09-28 08:04:04",5
76,90,20220928080404,"2022-09-28 10:59:53",4
77,45,20220928080404,"2022-09-28 13:11:46",3
78,106,20220928080404,"2022-09-28 13:39:00",3
79,74,20220928080404,"2022-09-28 15:53:28",3
80,22,20220929105613,"2022-09-29 10:56:13",1
81,45,20220929105613,"2022-09-29 16:31:29",2
82,15,20220929105613,"2022-09-29 16:58:45",5
83,79,20220930094807,"2022-09-30 09:48:07",1
84,59,20220930094807,"2022-09-30 12:52:49",2
85,20,20220930094807,"2022-09-30 14:47:44",2
86,63,20220930094807,"2022-09-30 15:33:52",4
87,90,20221001134721,"2022-10-01 13:47:21",5
88,18,20221002095538,"2022-10-02 09:55:38",5
89,75,20221002095538,"2022-10-02 11:53:15",4
90,17,20221002095538,"2022-10-02 12:17:45",2
91,19,20221002095538,"2022-10-02 15:09:49",1
92,78,20221003105755,"2022-10-03 10:57:55",2
93,35,20221003105755,"2022-10-03 14:33:17",4
94,16,20221004080619,"2022-10-04 08:06:19",1
95,94,20221004080619,"2022-10-04 09:52:48",5
96,17,20221004080619,"2022-10-04 12:55:39",2
97,15,20221004080619,"2022-10-04 14:33:52",5
98,63,20221005080305,"2022-10-05 08:03:05",5
99,81,20221005080305,"2022-10-05 14:32:57",3
100,94,20221006093945,"2022-10-06 09:39:45",1
101,45,20221006093945,"2022-10-06 10:13:15",2
102,83,20221006093945,"2022-10-06 12:25:08",3
103,27,20221007100219,"2022-10-07 10:02:19",3
104,31,20221007100219,"2022-10-07 10:49:06",2
105,90,20221007100219,"2022-10-07 15:14:12",1
106,72,20221007100219,"2022-10-07 15:51:51",5
107,83,20221007100219,"2022-10-07 16:36:51",3
108,48,20221008154504,"2022-10-08 15:45:04",4
109,45,20221008154504,"2022-10-08 16:21:38",5
110,94,20221009101650,"2022-10-09 10:16:50",2
111,93,20221010140111,"2022-10-10 14:01:11",2
112,30,20221011081948,"2022-10-11 08:19:48",1
113,67,20221011081948,"2022-10-11 10:41:25",1
114,69,20221011081948,"2022-10-11 11:37:02",4
115,63,20221011081948,"2022-10-11 11:43:40",2
116,43,20221011081948,"2022-10-11 14:00:43",3
117,102,20221011081948,"2022-10-11 16:34:19",5
118,57,20221012104850,"2022-10-12 10:48:50",2
119,102,20221012104850,"2022-10-12 11:13:02",2
120,94,20221012104850,"2022-10-12 16:40:00",5
121,67,20221013093549,"2022-10-13 09:35:49",4
122,74,20221013093549,"2022-10-13 16:54:50",1
123,12,20221014112444,"2022-10-14 11:24:44",1
124,29,20221014112444,"2022-10-14 13:49:49",2
125,74,20221014112444,"2022-10-14 13:51:05",2
126,29,20221016101556,"2022-10-16 10:15:56",1
127,64,20221016101556,"2022-10-16 14:21:44",5
128,83,20221016101556,"2022-10-16 16:54:27",3
129,48,20221017122555,"2022-10-17 12:25:55",4
130,30,20221018144516,"2022-10-18 14:45:16",4
131,53,20221020113719,"2022-10-20 11:37:19",4
132,26,20221020113719,"2022-10-20 12:55:08",3
133,94,20221020113719,"2022-10-20 13:57:50",3
134,105,20221020113719,"2022-10-20 15:34:16",3
135,39,20221020113719,"2022-10-20 16:41:03",4
136,96,20221021115347,"2022-10-21 11:53:47",4
137,26,20221021115347,"2022-10-21 15:43:33",1
138,16,20221022113941,"2022-10-22 11:39:41",1
139,38,20221022113941,"2022-10-22 14:56:31",5
140,41,20221023084709,"2022-10-23 08:47:09",1
141,14,20221023084709,"2022-10-23 08:49:53",4
142,38,20221023084709,"2022-10-23 11:06:21",2
143,58,20221023084709,"2022-10-23 15:27:45",5
144,90,20221024131046,"2022-10-24 13:10:46",1
145,56,20221024131046,"2022-10-24 14:40:29",2
146,106,20221026091220,"2022-10-26 09:12:20",5
147,68,20221026091220,"2022-10-26 15:11:50",5
148,97,20221027111157,"2022-10-27 11:11:57",2
149,50,20221027111157,"2022-10-27 12:11:39",1
150,23,20221027111157,"2022-10-27 15:09:17",4
151,29,20221027111157,"2022-10-27 15:51:50",3
152,58,20221028141533,"2022-10-28 14:15:33",2
153,78,20221029132027,"2022-10-29 13:20:27",4
154,99,20221030103637,"2022-10-30 10:36:37",4
155,40,20221030103637,"2022-10-30 11:18:32",4
156,44,20221031104020,"2022-10-31 10:40:20",4
157,63,20221031104020,"2022-10-31 13:09:15",3
158,93,20221101153719,"2022-11-01 15:37:19",3
159,17,20221102111635,"2022-11-02 11:16:35",2
160,65,20221102111635,"2022-11-02 14:57:18",4
161,103,20221103082018,"2022-11-03 08:20:18",2
162,27,20221103082018,"2022-11-03 11:32:36",5
163,98,20221104115909,"2022-11-04 11:59:09",4
164,30,20221104115909,"2022-11-04 12:27:38",1
165,34,20221105080227,"2022-11-05 08:02:27",3
166,81,20221105080227,"2022-11-05 11:50:07",5
167,92,20221105080227,"2022-11-05 14:27:58",2
168,76,20221105080227,"2022-11-05 16:38:28",2
169,66,20221106145123,"2022-11-06 14:51:23",4
170,97,20221107081502,"2022-11-07 08:15:02",1
171,91,20221107081502,"2022-11-07 09:19:09",2
172,42,20221107081502,"2022-11-07 13:21:09",3
173,76,20221107081502,"2022-11-07 14:09:44",1
174,13,20221107081502,"2022-11-07 16:43:23",1
175,25,20221108085357,"2022-11-08 08:53:57",3
176,33,20221108085357,"2022-11-08 09:22:44",1
177,70,20221109102344,"2022-11-09 10:23:44",4
178,17,20221109102344,"2022-11-09 11:26:22",5
179,11,20221109102344,"2022-11-09 13:03:32",4
180,59,20221109102344,"2022-11-09 15:25:39",5
181,105,20221110101127,"2022-11-10 10:11:27",1
182,28,20221110101127,"2022-11-10 13:28:13",5
183,56,20221110101127,"2022-11-10 15:28:56",5
184,55,20221111090355,"2022-11-11 09:03:55",3
185,102,20221111090355,"2022-11-11 13:30:58",4
186,21,20221111090355,"2022-11-11 15:13:27",2
187,84,20221111090355,"2022-11-11 16:17:52",4
188,50,20221112093242,"2022-11-12 09:32:42",1
189,28,20221113092817,"2022-11-13 09:28:17",3
190,65,20221113092817,"2022-11-13 11:08:02",1
191,65,20221114092513,"2022-11-14 09:25:13",2
192,12,20221114092513,"2022-11-14 11:18:38",2
193,81,20221114092513,"2022-11-14 11:45:39",4
194,41,20221115143633,"2022-11-15 14:36:33",1
195,25,20221115143633,"2022-11-15 14:48:25",3
196,56,20221116092459,"2022-11-16 09:24:59",4
197,54,20221117082845,"2022-11-17 08:28:45",5
198,60,20221117082845,"2022-11-17 13:13:24",1
199,71,20221117082845,"2022-11-17 13:37:33",4
200,32,20221117082845,"2022-11-17 14:26:43",4
201,11,20221118093805,"2022-11-18 09:38:05",1
202,52,20221118093805,"2022-11-18 11:45:40",1
203,74,20221118093805,"2022-11-18 12:51:46",2
204,19,20221118093805,"2022-11-18 16:21:02",4
205,78,20221119140200,"2022-11-19 14:02:00",3
206,62,20221120123719,"2022-11-20 12:37:19",3
207,15,20221121114007,"2022-11-21 11:40:07",5
208,103,20221122084227,"2022-11-22 08:42:27",4
209,30,20221122084227,"2022-11-22 09:13:04",4
210,16,20221122084227,"2022-11-22 10:53:14",2
211,18,20221123080527,"2022-11-23 08:05:27",1
212,63,20221123080527,"2022-11-23 09:17:40",4
213,54,20221123080527,"2022-11-23 12:06:53",3
214,79,20221123080527,"2022-11-23 12:19:19",4
215,92,20221124080423,"2022-11-24 08:04:23",5
216,93,20221124080423,"2022-11-24 13:01:36",2
217,87,20221124080423,"2022-11-24 16:10:34",2
218,44,20221125134853,"2022-11-25 13:48:53",5
219,73,20221125134853,"2022-11-25 16:48:57",3
220,29,20221125134853,"2022-11-25 16:59:39",4
221,97,20221126081608,"2022-11-26 08:16:08",4
222,93,20221126081608,"2022-11-26 09:16:33",3
223,70,20221126081608,"2022-11-26 10:15:17",1
224,61,20221126081608,"2022-11-26 12:49:56",4
225,35,20221126081608,"2022-11-26 15:20:38",2
226,75,20221126081608,"2022-11-26 16:36:37",5
227,98,20221127090845,"2022-11-27 09:08:45",3
228,35,20221127090845,"2022-11-27 10:47:43",1
229,101,20221128112837,"2022-11-28 11:28:37",3
230,88,20221128112837,"2022-11-28 11:38:25",1
231,42,20221128112837,"2022-11-28 14:36:30",5
232,57,20221128112837,"2022-11-28 15:22:50",3
233,109,20221128112837,"2022-11-28 16:04:40",4
234,79,20221128112837,"2022-11-28 16:06:28",1
235,65,20221128112837,"2022-11-28 16:49:44",1
236,105,20221129082457,"2022-11-29 08:24:57",3
237,18,20221129082457,"2022-11-29 16:58:58",4
238,38,20221130135643,"2022-11-30 13:56:43",4
239,19,20221201095932,"2022-12-01 09:59:32",2
240,41,20221201095932,"2022-12-01 10:00:05",1
241,54,20221201095932,"2022-12-01 11:21:24",4
242,57,20221201095932,"2022-12-01 11:23:45",5
243,23,20221202105037,"2022-12-02 10:50:37",4
244,94,20221203121755,"2022-12-03 12:17:55",5
245,85,20221203121755,"2022-12-03 12:39:12",4
246,93,20221203121755,"2022-12-03 14:26:39",2
247,34,20221204110626,"2022-12-04 11:06:26",5
248,92,20221204110626,"2022-12-04 13:57:40",3
249,103,20221205121237,"2022-12-05 12:12:37",3
250,82,20221205121237,"2022-12-05 16:37:34",3
251,105,20221206114818,"2022-12-06 11:48:18",5
252,90,20221206114818,"2022-12-06 15:05:26",3
253,76,20221207085637,"2022-12-07 08:56:37",5
254,39,20221207085637,"2022-12-07 10:30:27",3
255,15,20221207085637,"2022-12-07 12:32:40",1
256,105,20221207085637,"2022-12-07 14:54:02",2
257,32,20221208102938,"2022-12-08 10:29:38",3
258,104,20221208102938,"2022-12-08 11:56:53",2
259,38,20221209163708,"2022-12-09 16:37:08",4
260,12,20221211093930,"2022-12-11 09:39:30",3
261,44,20221211093930,"2022-12-11 09:51:03",4
262,85,20221211093930,"2022-12-11 12:14:53",2
263,29,20221212090437,"2022-12-12 09:04:37",3
264,73,20221212090437,"2022-12-12 15:07:49",4
265,25,20221213124544,"2022-12-13 12:45:44",3
266,85,20221216091652,"2022-12-16 09:16:52",2
267,70,20221216091652,"2022-12-16 10:20:25",1
268,89,20221216091652,"2022-12-16 14:13:22",4
269,89,20221217095904,"2022-12-17 09:59:04",2
270,27,20221217095904,"2022-12-17 13:49:41",1
271,51,20221218120730,"2022-12-18 12:07:30",1
272,68,20221218120730,"2022-12-18 13:23:07",1
273,34,20221219120810,"2022-12-19 12:08:10",4
274,63,20221220091814,"2022-12-20 09:18:14",4
275,30,20221220091814,"2022-12-20 11:13:57",5
276,21,20221220091814,"2022-12-20 13:12:14",3
277,100,20221220091814,"2022-12-20 13:55:25",2
278,50,20221221082948,"2022-12-21 08:29:48",4
279,68,20221221082948,"2022-12-21 08:48:08",2
280,36,20221222160400,"2022-12-22 16:04:00",5
281,62,20221222160400,"2022-12-22 16:39:03",1
282,38,20221223095737,"2022-12-23 09:57:37",1
283,108,20221223095737,"2022-12-23 13:28:04",3
284,108,20221223095737,"2022-12-23 16:03:44",4
285,41,20221224101939,"2022-12-24 10:19:39",1
286,51,20221224101939,"2022-12-24 16:24:11",4
287,96,20221225083835,"2022-12-25 08:38:35",3
288,95,20221225083835,"2022-12-25 11:15:23",5
289,70,20221225083835,"2022-12-25 12:15:46",1
290,51,20221225083835,"2022-12-25 12:51:05",1
291,45,20221225083835,"2022-12-25 15:43:54",5
292,37,20221226084017,"2022-12-26 08:40:17",1
293,22,20221226084017,"2022-12-26 12:49:48",1
294,86,20221227152900,"2022-12-27 15:29:00",1
295,68,20221228114228,"2022-12-28 11:42:28",3
296,54,20221228114228,"2022-12-28 13:34:22",4
297,37,20221228114228,"2022-12-28 14:42:18",4
298,56,20221229085643,"2022-12-29 08:56:43",4
299,73,20221229085643,"2022-12-29 10:31:49",1
300,30,20221229085643,"2022-12-29 13:13:08",2
301,74,20221230163731,"2022-12-30 16:37:31",3
302,60,20221231103940,"2022-12-31 10:39:40",4
303,53,20221231103940,"2022-12-31 11:57:11",5
304,38,20230101102853,"2023-01-01 10:28:53",2
305,90,20230101102853,"2023-01-01 11:40:06",1
306,21,20230101102853,"2023-01-01 12:18:01",4
307,72,20230101102853,"2023-01-01 14:10:55",4
308,36,20230102080948,"2023-01-02 08:09:48",2
309,32,20230102080948,"2023-01-02 10:27:46",5
310,22,20230102080948,"2023-01-02 12:09:29",1
311,74,20230103103555,"2023-01-03 10:35:55",4
312,23,20230104084729,"2023-01-04 08:47:29",2
313,94,20230104084729,"2023-01-04 10:04:02",3
314,36,20230104084729,"2023-01-04 10:49:26",1
315,31,20230104084729,"2023-01-04 12:40:36",1
316,80,20230104084729,"2023-01-04 15:33:17",3
317,71,20230104084729,"2023-01-04 16:23:51",5
318,94,20230104084729,"2023-01-04 16:56:19",2
319,61,20230105130740,"2023-01-05 13:07:40",1
320,59,20230105130740,"2023-01-05 14:52:18",1
321,77,20230106080232,"2023-01-06 08:02:32",3
322,44,20230106080232,"2023-01-06 11:49:40",3
323,83,20230107094704,"2023-01-07 09:47:04",1
324,78,20230107094704,"2023-01-07 14:25:48",5
325,37,20230108082225,"2023-01-08 08:22:25",3
326,31,20230108082225,"2023-01-08 11:14:51",1
327,37,20230108082225,"2023-01-08 13:56:49",3
328,68,20230108082225,"2023-01-08 15:15:35",3
329,99,20230109102730,"2023-01-09 10:27:30",1
330,83,20230109102730,"2023-01-09 10:35:39",2
331,96,20230110100054,"2023-01-10 10:00:54",4
332,106,20230110100054,"2023-01-10 11:21:12",1
333,54,20230110100054,"2023-01-10 13:12:30",4
334,70,20230110100054,"2023-01-10 13:57:42",4
335,47,20230111091748,"2023-01-11 09:17:48",5
336,57,20230112093456,"2023-01-12 09:34:56",3
337,16,20230112093456,"2023-01-12 10:55:44",5
338,81,20230112093456,"2023-01-12 12:20:10",3
339,95,20230112093456,"2023-01-12 12:28:53",5
340,104,20230112093456,"2023-01-12 12:31:03",4
341,88,20230113110653,"2023-01-13 11:06:53",2
342,35,20230113110653,"2023-01-13 13:54:32",1
343,49,20230114102800,"2023-01-14 10:28:00",1
344,39,20230114102800,"2023-01-14 10:45:21",1
345,17,20230115085946,"2023-01-15 08:59:46",1
346,75,20230115085946,"2023-01-15 10:33:03",1
347,55,20230116091324,"2023-01-16 09:13:24",4
348,61,20230117095246,"2023-01-17 09:52:46",2
349,64,20230117095246,"2023-01-17 09:53:54",4
350,106,20230117095246,"2023-01-17 14:50:32",2
351,64,20230117095246,"2023-01-17 15:17:31",1
352,67,20230120103303,"2023-01-20 10:33:03",1
353,97,20230120103303,"2023-01-20 15:31:56",2
354,46,20230121085140,"2023-01-21 08:51:40",5
355,92,20230121085140,"2023-01-21 15:32:40",3
356,101,20230122085029,"2023-01-22 08:50:29",4
357,102,20230122085029,"2023-01-22 09:46:57",1
358,102,20230122085029,"2023-01-22 13:19:00",4
359,50,20230124080430,"2023-01-24 08:04:30",1
360,29,20230124080430,"2023-01-24 11:06:11",2
361,89,20230125123428,"2023-01-25 12:34:28",3
362,23,20230126084739,"2023-01-26 08:47:39",1
363,97,20230126084739,"2023-01-26 12:18:07",4
364,101,20230127115130,"2023-01-27 11:51:30",4
365,93,20230127115130,"2023-01-27 12:24:59",4
366,11,20230127115130,"2023-01-27 13:48:54",2
367,12,20230127115130,"2023-01-27 15:02:31",5
368,106,20230127115130,"2023-01-27 16:33:07",4
369,82,20230128082400,"2023-01-28 08:24:00",2
370,48,20230128082400,"2023-01-28 11:13:22",3
371,73,20230128082400,"2023-01-28 13:00:38",4
372,29,20230129154928,"2023-01-29 15:49:28",3
373,12,20230131161140,"2023-01-31 16:11:40",5
374,98,20230131161140,"2023-01-31 16:26:12",3
375,70,20230201094338,"2023-02-01 09:43:38",2
376,93,20230201094338,"2023-02-01 10:35:06",2
377,74,20230201094338,"2023-02-01 12:56:31",1
378,91,20230201094338,"2023-02-01 16:39:39",5
379,107,20230202120247,"2023-02-02 12:02:47",2
380,49,20230203082836,"2023-02-03 08:28:36",2
381,31,20230203082836,"2023-02-03 10:36:34",3
382,52,20230203082836,"2023-02-03 14:37:38",2
383,18,20230203082836,"2023-02-03 16:11:49",5
384,29,20230203082836,"2023-02-03 16:57:54",2
385,20,20230204081831,"2023-02-04 08:18:31",5
386,64,20230204081831,"2023-02-04 09:04:04",1
387,12,20230204081831,"2023-02-04 15:09:13",2
388,13,20230205080833,"2023-02-05 08:08:33",5
389,105,20230205080833,"2023-02-05 11:33:21",1
390,47,20230205080833,"2023-02-05 16:56:04",4
391,59,20230206150923,"2023-02-06 15:09:23",5
392,105,20230207142655,"2023-02-07 14:26:55",3
393,49,20230207142655,"2023-02-07 14:29:19",4
394,70,20230207142655,"2023-02-07 16:55:17",1
395,78,20230208094200,"2023-02-08 09:42:00",1
396,96,20230208094200,"2023-02-08 13:30:17",2
397,13,20230208094200,"2023-02-08 14:32:45",3
398,89,20230211093131,"2023-02-11 09:31:31",1
399,51,20230211093131,"2023-02-11 10:56:52",1
400,37,20230212140457,"2023-02-12 14:04:57",5
401,96,20230212140457,"2023-02-12 14:25:31",1
402,24,20230213083301,"2023-02-13 08:33:01",3
403,97,20230213083301,"2023-02-13 09:09:02",3
404,43,20230213083301,"2023-02-13 11:32:08",3
405,64,20230215093002,"2023-02-15 09:30:02",4
406,96,20230215093002,"2023-02-15 12:22:22",5
407,14,20230216131850,"2023-02-16 13:18:50",3
408,89,20230216131850,"2023-02-16 15:41:29",3
409,60,20230217121250,"2023-02-17 12:12:50",4
410,76,20230217121250,"2023-02-17 12:50:12",4
411,19,20230217121250,"2023-02-17 15:26:10",1
412,70,20230218091837,"2023-02-18 09:18:37",3
413,63,20230218091837,"2023-02-18 10:32:07",2
414,60,20230218091837,"2023-02-18 11:24:56",3
415,24,20230218091837,"2023-02-18 15:52:24",3
416,99,20230219110144,"2023-02-19 11:01:44",5
417,23,20230219110144,"2023-02-19 12:12:30",1
418,87,20230221115150,"2023-02-21 11:51:50",2
419,62,20230221115150,"2023-02-21 13:04:17",4
420,103,20230221115150,"2023-02-21 14:19:20",5
421,69,20230221115150,"2023-02-21 14:24:53",1
422,105,20230221115150,"2023-02-21 15:13:03",5
423,13,20230222103047,"2023-02-22 10:30:47",2
424,17,20230222103047,"2023-02-22 10:32:55",3
425,38,20230223094246,"2023-02-23 09:42:46",3
426,28,20230223094246,"2023-02-23 12:22:30",2
427,39,20230223094246,"2023-02-23 15:00:05",4
428,45,20230223094246,"2023-02-23 15:35:24",1
429,40,20230225165417,"2023-02-25 16:54:17",4
430,68,20230226091819,"2023-02-26 09:18:19",1
431,92,20230226091819,"2023-02-26 13:48:58",5
432,95,20230226091819,"2023-02-26 16:10:12",3
433,66,20230227101742,"2023-02-27 10:17:42",1
434,45,20230227101742,"2023-02-27 12:47:34",5
435,105,20230227101742,"2023-02-27 15:34:51",3
436,83,20230228153809,"2023-02-28 15:38:09",1
437,24,20230301112636,"2023-03-01 11:26:36",4
438,24,20230301112636,"2023-03-01 16:59:38",2
439,19,20230303082405,"2023-03-03 08:24:05",2
440,12,20230303082405,"2023-03-03 13:03:43",4
441,62,20230303082405,"2023-03-03 13:14:14",2
442,68,20230304085525,"2023-03-04 08:55:25",5
443,37,20230304085525,"2023-03-04 13:19:13",1
444,78,20230305135650,"2023-03-05 13:56:50",2
445,90,20230305135650,"2023-03-05 15:14:01",3
446,106,20230306113208,"2023-03-06 11:32:08",1
447,62,20230306113208,"2023-03-06 16:58:31",4
448,104,20230307110043,"2023-03-07 11:00:43",1
449,18,20230307110043,"2023-03-07 11:20:42",3
450,46,20230307110043,"2023-03-07 12:04:26",3
451,37,20230307110043,"2023-03-07 12:43:06",5
452,104,20230307110043,"2023-03-07 16:16:54",5
453,78,20230308094818,"2023-03-08 09:48:18",3
454,78,20230308094818,"2023-03-08 10:43:13",1
455,79,20230308094818,"2023-03-08 11:00:19",3
456,55,20230310112732,"2023-03-10 11:27:32",2
457,19,20230310112732,"2023-03-10 11:43:44",5
458,53,20230310112732,"2023-03-10 14:29:30",2
459,101,20230311080909,"2023-03-11 08:09:09",5
460,100,20230311080909,"2023-03-11 12:00:07",1
461,24,20230312090442,"2023-03-12 09:04:42",1
462,95,20230312090442,"2023-03-12 10:00:29",5
463,65,20230312090442,"2023-03-12 10:06:56",2
464,96,20230312090442,"2023-03-12 11:09:55",3
465,21,20230312090442,"2023-03-12 14:55:49",3
466,67,20230313111207,"2023-03-13 11:12:07",4
467,54,20230313111207,"2023-03-13 11:49:41",5
468,92,20230313111207,"2023-03-13 15:55:05",5
469,68,20230314143737,"2023-03-14 14:37:37",3
470,63,20230314143737,"2023-03-14 15:03:30",4
471,18,20230314143737,"2023-03-14 15:28:30",5
472,39,20230315091032,"2023-03-15 09:10:32",4
473,30,20230315091032,"2023-03-15 09:16:45",5
474,67,20230315091032,"2023-03-15 10:55:06",2
475,51,20230315091032,"2023-03-15 16:24:01",1
476,28,20230316122131,"2023-03-16 12:21:31",4
477,86,20230316122131,"2023-03-16 15:55:59",3
478,71,20230318090750,"2023-03-18 09:07:50",5
479,59,20230318090750,"2023-03-18 11:40:41",3
480,47,20230319085143,"2023-03-19 08:51:43",5
481,24,20230319085143,"2023-03-19 12:41:47",3
482,13,20230319085143,"2023-03-19 13:15:48",1
483,16,20230319085143,"2023-03-19 16:03:05",5
484,42,20230320090914,"2023-03-20 09:09:14",1
485,51,20230320090914,"2023-03-20 09:46:18",4
486,70,20230320090914,"2023-03-20 11:39:14",3
487,63,20230320090914,"2023-03-20 12:30:47",2
488,41,20230320090914,"2023-03-20 14:11:44",1
489,65,20230321094839,"2023-03-21 09:48:39",5
490,46,20230321094839,"2023-03-21 10:50:15",5
491,56,20230321094839,"2023-03-21 10:54:11",5
492,84,20230321094839,"2023-03-21 11:32:04",2
493,104,20230322084916,"2023-03-22 08:49:16",5
494,28,20230322084916,"2023-03-22 10:51:46",1
495,56,20230322084916,"2023-03-22 14:14:10",3
496,13,20230323084347,"2023-03-23 08:43:47",3
497,59,20230323084347,"2023-03-23 12:29:25",2
498,86,20230323084347,"2023-03-23 14:38:15",2
499,49,20230323084347,"2023-03-23 15:53:58",5
500,82,20230323084347,"2023-03-23 16:31:16",4
501,100,20230324133653,"2023-03-24 13:36:53",5
502,45,20230324133653,"2023-03-24 15:55:49",1
503,50,20230324133653,"2023-03-24 16:10:55",2
504,103,20230324133653,"2023-03-24 16:18:22",2
505,61,20230325090519,"2023-03-25 09:05:19",1
506,28,20230325090519,"2023-03-25 09:17:56",2
507,48,20230325090519,"2023-03-25 10:08:43",2
508,48,20230325090519,"2023-03-25 12:11:14",3
509,47,20230325090519,"2023-03-25 14:13:44",1
510,88,20230326095155,"2023-03-26 09:51:55",5
511,51,20230326095155,"2023-03-26 09:55:44",1
512,102,20230326095155,"2023-03-26 11:02:01",3
513,23,20230326095155,"2023-03-26 12:48:10",5
514,35,20230326095155,"2023-03-26 14:25:40",1
515,15,20230326095155,"2023-03-26 14:38:41",4
516,101,20230327094802,"2023-03-27 09:48:02",4
517,48,20230327094802,"2023-03-27 10:35:35",3
518,48,20230327094802,"2023-03-27 14:00:14",5
519,18,20230327094802,"2023-03-27 16:48:57",2
520,44,20230328084434,"2023-03-28 08:44:34",5
521,69,20230328084434,"2023-03-28 10:39:03",4
522,79,20230328084434,"2023-03-28 12:08:38",3
523,54,20230328084434,"2023-03-28 16:18:19",4
524,56,20230329162535,"2023-03-29 16:25:35",4
525,66,20230330090712,"2023-03-30 09:07:12",1
526,95,20230330090712,"2023-03-30 16:24:26",3
527,35,20230331115304,"2023-03-31 11:53:04",2
528,64,20230331115304,"2023-03-31 12:09:53",1
529,90,20230401150704,"2023-04-01 15:07:04",1
530,28,20230402082820,"2023-04-02 08:28:20",2
531,47,20230402082820,"2023-04-02 09:05:23",5
532,68,20230402082820,"2023-04-02 15:01:06",4
533,93,20230402082820,"2023-04-02 16:56:37",4
534,38,20230403110024,"2023-04-03 11:00:24",5
535,55,20230403110024,"2023-04-03 14:19:53",1
536,97,20230404090307,"2023-04-04 09:03:07",4
537,88,20230404090307,"2023-04-04 10:42:30",1
538,92,20230404090307,"2023-04-04 13:44:29",4
539,50,20230405093058,"2023-04-05 09:30:58",3
540,36,20230405093058,"2023-04-05 10:19:07",3
541,46,20230405093058,"2023-04-05 11:57:47",4
542,98,20230405093058,"2023-04-05 12:16:41",3
543,38,20230406110600,"2023-04-06 11:06:00",1
544,39,20230406110600,"2023-04-06 12:17:33",3
545,82,20230406110600,"2023-04-06 12:39:46",4
546,70,20230407105619,"2023-04-07 10:56:19",5
547,21,20230407105619,"2023-04-07 12:22:35",1
548,52,20230407105619,"2023-04-07 14:06:52",5
549,67,20230407105619,"2023-04-07 16:18:08",4
550,80,20230407105619,"2023-04-07 16:18:27",3
551,38,20230407105619,"2023-04-07 16:29:16",1
552,27,20230408124714,"2023-04-08 12:47:14",5
553,29,20230409113133,"2023-04-09 11:31:33",1
554,41,20230409113133,"2023-04-09 13:06:14",4
555,36,20230409113133,"2023-04-09 14:43:20",3
556,41,20230409113133,"2023-04-09 15:58:09",3
557,65,20230410082807,"2023-04-10 08:28:07",4
558,22,20230410082807,"2023-04-10 15:26:36",1
559,28,20230410082807,"2023-04-10 16:55:00",1
560,68,20230411083933,"2023-04-11 08:39:33",3
561,108,20230411083933,"2023-04-11 13:24:58",5
562,55,20230411083933,"2023-04-11 14:31:54",4
563,12,20230411083933,"2023-04-11 15:21:56",5
564,89,20230412164105,"2023-04-12 16:41:05",5
565,57,20230413082152,"2023-04-13 08:21:52",2
566,37,20230413082152,"2023-04-13 09:08:58",2
567,72,20230413082152,"2023-04-13 11:34:14",1
568,54,20230413082152,"2023-04-13 13:09:39",2
569,69,20230413082152,"2023-04-13 13:31:17",1
570,17,20230414084442,"2023-04-14 08:44:42",1
571,33,20230414084442,"2023-04-14 11:28:40",3
572,45,20230414084442,"2023-04-14 12:47:02",4
573,15,20230414084442,"2023-04-14 13:55:08",4
574,79,20230414084442,"2023-04-14 15:38:15",2
575,87,20230414084442,"2023-04-14 15:54:00",5
576,83,20230415104310,"2023-04-15 10:43:10",3
577,29,20230415104310,"2023-04-15 11:24:57",3
578,87,20230415104310,"2023-04-15 14:57:11",1
579,13,20230415104310,"2023-04-15 16:19:44",2
580,43,20230415104310,"2023-04-15 16:59:43",5
581,29,20230416130721,"2023-04-16 13:07:21",2
582,40,20230416130721,"2023-04-16 14:03:27",4
583,83,20230417102936,"2023-04-17 10:29:36",2
584,38,20230418121036,"2023-04-18 12:10:36",3
585,47,20230418121036,"2023-04-18 16:29:03",5
586,33,20230419122942,"2023-04-19 12:29:42",4
587,77,20230419122942,"2023-04-19 15:52:07",1
588,95,20230419122942,"2023-04-19 16:36:09",2
589,37,20230420092126,"2023-04-20 09:21:26",3
590,20,20230420092126,"2023-04-20 12:30:48",5
591,52,20230421083926,"2023-04-21 08:39:26",5
592,90,20230421083926,"2023-04-21 13:53:28",1
593,104,20230422125427,"2023-04-22 12:54:27",2
594,73,20230423080107,"2023-04-23 08:01:07",1
595,73,20230423080107,"2023-04-23 08:49:20",2
596,101,20230423080107,"2023-04-23 09:05:59",5
597,45,20230423080107,"2023-04-23 12:28:08",2
598,66,20230424091510,"2023-04-24 09:15:10",5
599,68,20230424091510,"2023-04-24 12:19:28",1
600,40,20230424091510,"2023-04-24 13:17:08",4
601,98,20230424091510,"2023-04-24 14:46:49",4
602,16,20230424091510,"2023-04-24 16:26:43",1
603,78,20230425143519,"2023-04-25 14:35:19",3
604,96,20230425143519,"2023-04-25 16:16:32",4
605,79,20230426091737,"2023-04-26 09:17:37",3
606,44,20230426091737,"2023-04-26 10:48:18",5
607,28,20230426091737,"2023-04-26 14:36:09",3
608,76,20230427101411,"2023-04-27 10:14:11",2
609,61,20230427101411,"2023-04-27 13:52:48",1
610,100,20230427101411,"2023-04-27 16:12:46",1
611,53,20230428084649,"2023-04-28 08:46:49",4
612,80,20230428084649,"2023-04-28 16:34:42",4
613,21,20230429161938,"2023-04-29 16:19:38",5
614,67,20230430090559,"2023-04-30 09:05:59",4
615,49,20230430090559,"2023-04-30 12:17:57",3
616,93,20230430090559,"2023-04-30 15:01:41",4
617,44,20230430090559,"2023-04-30 15:18:29",1
618,31,20230430090559,"2023-04-30 16:18:00",3
619,75,20230501145515,"2023-05-01 14:55:15",2
620,100,20230501145515,"2023-05-01 14:57:05",4
621,83,20230501145515,"2023-05-01 14:59:32",2
622,93,20230502162642,"2023-05-02 16:26:42",1
623,77,20230503094044,"2023-05-03 09:40:44",4
624,72,20230503094044,"2023-05-03 15:48:03",1
625,85,20230504140551,"2023-05-04 14:05:51",2
626,100,20230504140551,"2023-05-04 14:11:42",1
627,70,20230504140551,"2023-05-04 15:55:41",2
628,99,20230504140551,"2023-05-04 16:47:24",5
629,50,20230505081757,"2023-05-05 08:17:57",1
630,99,20230505081757,"2023-05-05 14:51:01",3
631,86,20230507083734,"2023-05-07 08:37:34",5
632,52,20230507083734,"2023-05-07 16:55:23",1
633,42,20230508081239,"2023-05-08 08:12:39",3
634,68,20230508081239,"2023-05-08 14:56:38",3
635,20,20230508081239,"2023-05-08 16:21:57",3
636,64,20230510140617,"2023-05-10 14:06:17",3
637,31,20230510140617,"2023-05-10 16:09:27",5
638,39,20230511102613,"2023-05-11 10:26:13",2
639,28,20230511102613,"2023-05-11 16:38:42",2
640,97,20230512080653,"2023-05-12 08:06:53",3
641,19,20230512080653,"2023-05-12 10:09:06",3
642,79,20230512080653,"2023-05-12 10:15:36",5
643,49,20230512080653,"2023-05-12 13:06:07",5
644,35,20230512080653,"2023-05-12 13:19:57",4
645,19,20230512080653,"2023-05-12 14:43:50",4
646,85,20230512080653,"2023-05-12 15:01:09",2
647,99,20230513115948,"2023-05-13 11:59:48",1
648,100,20230513115948,"2023-05-13 16:08:35",3
649,101,20230514164300,"2023-05-14 16:43:00",1
650,80,20230515095721,"2023-05-15 09:57:21",1
651,91,20230515095721,"2023-05-15 11:49:18",2
652,95,20230515095721,"2023-05-15 14:05:24",2
653,24,20230517094409,"2023-05-17 09:44:09",2
654,43,20230517094409,"2023-05-17 12:12:07",3
655,36,20230517094409,"2023-05-17 12:32:39",4
656,57,20230517094409,"2023-05-17 14:19:14",2
657,83,20230518150804,"2023-05-18 15:08:04",4
658,41,20230519165526,"2023-05-19 16:55:26",5
659,86,20230520151216,"2023-05-20 15:12:16",4
660,11,20230521080645,"2023-05-21 08:06:45",5
661,105,20230521080645,"2023-05-21 08:17:26",1
662,56,20230521080645,"2023-05-21 08:44:11",4
663,25,20230521080645,"2023-05-21 08:46:39",4
664,36,20230521080645,"2023-05-21 11:26:19",1
665,36,20230522085836,"2023-05-22 08:58:36",3
666,95,20230522085836,"2023-05-22 09:35:47",2
667,89,20230523112156,"2023-05-23 11:21:56",5
668,69,20230524121423,"2023-05-24 12:14:23",4
669,81,20230524121423,"2023-05-24 12:41:06",4
670,58,20230525104235,"2023-05-25 10:42:35",5
671,102,20230526090132,"2023-05-26 09:01:32",5
672,45,20230526090132,"2023-05-26 13:20:57",4
673,33,20230526090132,"2023-05-26 13:45:12",1
674,87,20230527092304,"2023-05-27 09:23:04",4
675,106,20230527092304,"2023-05-27 10:32:29",2
676,50,20230527092304,"2023-05-27 11:17:09",5
677,36,20230528152203,"2023-05-28 15:22:03",3
678,14,20230529085914,"2023-05-29 08:59:14",4
679,99,20230529085914,"2023-05-29 13:13:46",5
680,91,20230529085914,"2023-05-29 14:48:21",1
681,28,20230530141015,"2023-05-30 14:10:15",3
682,97,20230530141015,"2023-05-30 15:50:02",4
683,109,20230531090427,"2023-05-31 09:04:27",1
684,26,20230531090427,"2023-05-31 11:57:58",1
685,94,20230601135524,"2023-06-01 13:55:24",4
686,92,20230602165607,"2023-06-02 16:56:07",5
687,90,20230603080928,"2023-06-03 08:09:28",5
688,72,20230603080928,"2023-06-03 09:41:59",1
689,40,20230603080928,"2023-06-03 09:48:24",1
690,101,20230603080928,"2023-06-03 13:06:19",1
691,30,20230603080928,"2023-06-03 13:34:45",2
692,71,20230603080928,"2023-06-03 16:18:51",5
693,40,20230603080928,"2023-06-03 16:50:50",5
694,101,20230604121603,"2023-06-04 12:16:03",3
695,105,20230606153442,"2023-06-06 15:34:42",3
696,100,20230607082024,"2023-06-07 08:20:24",2
697,17,20230608082747,"2023-06-08 08:27:47",5
698,74,20230609124014,"2023-06-09 12:40:14",4
699,84,20230610142847,"2023-06-10 14:28:47",1
700,83,20230610142847,"2023-06-10 16:27:46",1
701,77,20230610142847,"2023-06-10 16:29:59",5
702,91,20230611105402,"2023-06-11 10:54:02",1
703,96,20230611105402,"2023-06-11 12:58:45",3
704,53,20230611105402,"2023-06-11 13:42:16",5
705,52,20230612092140,"2023-06-12 09:21:40",4
706,74,20230612092140,"2023-06-12 10:41:31",5
707,43,20230612092140,"2023-06-12 11:14:53",1
708,69,20230612092140,"2023-06-12 12:22:37",5
709,16,20230612092140,"2023-06-12 12:34:20",3
710,99,20230612092140,"2023-06-12 14:55:37",3
711,67,20230612092140,"2023-06-12 16:36:32",3
712,11,20230613111256,"2023-06-13 11:12:56",5
713,26,20230613111256,"2023-06-13 13:42:54",1
714,56,20230614115905,"2023-06-14 11:59:05",5
715,30,20230614115905,"2023-06-14 13:58:38",5
716,11,20230614115905,"2023-06-14 14:29:33",3
717,70,20230614115905,"2023-06-14 15:27:36",1
718,42,20230615110452,"2023-06-15 11:04:52",3
719,74,20230615110452,"2023-06-15 16:36:00",3
720,96,20230616144919,"2023-06-16 14:49:19",3
721,22,20230616144919,"2023-06-16 15:27:57",2
722,29,20230617091037,"2023-06-17 09:10:37",1
723,48,20230617091037,"2023-06-17 12:02:39",5
724,94,20230617091037,"2023-06-17 16:09:34",4
725,64,20230619081635,"2023-06-19 08:16:35",1
726,91,20230619081635,"2023-06-19 12:33:52",2
727,20,20230619081635,"2023-06-19 13:33:12",4
728,83,20230619081635,"2023-06-19 14:52:32",1
729,55,20230619081635,"2023-06-19 16:21:44",2
730,97,20230620154928,"2023-06-20 15:49:28",2
731,33,20230620154928,"2023-06-20 15:49:50",5
732,13,20230621081800,"2023-06-21 08:18:00",1
733,70,20230621081800,"2023-06-21 12:17:12",3
734,19,20230622085539,"2023-06-22 08:55:39",4
735,35,20230622085539,"2023-06-22 09:13:29",5
736,65,20230622085539,"2023-06-22 10:57:42",1
737,11,20230622085539,"2023-06-22 12:11:07",3
738,32,20230623165149,"2023-06-23 16:51:49",3
739,51,20230624090512,"2023-06-24 09:05:12",3
740,48,20230624090512,"2023-06-24 13:49:58",4
741,55,20230624090512,"2023-06-24 14:22:05",3
742,33,20230625101421,"2023-06-25 10:14:21",1
743,55,20230626101455,"2023-06-26 10:14:55",2
744,82,20230626101455,"2023-06-26 14:40:55",5
745,26,20230626101455,"2023-06-26 15:48:14",5
746,11,20230627142906,"2023-06-27 14:29:06",2
747,54,20230627142906,"2023-06-27 16:01:23",3
748,55,20230629100705,"2023-06-29 10:07:05",5
749,103,20230629100705,"2023-06-29 12:15:45",2
750,33,20230630114627,"2023-06-30 11:46:27",2
751,57,20230701085510,"2023-07-01 08:55:10",3
752,104,20230701085510,"2023-07-01 12:46:16",4
753,15,20230703084052,"2023-07-03 08:40:52",2
754,67,20230703084052,"2023-07-03 10:17:26",3
755,104,20230703084052,"2023-07-03 11:56:11",3
756,61,20230704101119,"2023-07-04 10:11:19",4
757,59,20230704101119,"2023-07-04 12:16:18",5
758,46,20230704101119,"2023-07-04 12:38:54",3
759,50,20230704101119,"2023-07-04 13:28:28",5
760,63,20230705104825,"2023-07-05 10:48:25",4
761,26,20230705104825,"2023-07-05 14:10:28",1
762,75,20230705104825,"2023-07-05 15:58:17",5
763,104,20230706150307,"2023-07-06 15:03:07",3
764,17,20230707142729,"2023-07-07 14:27:29",4
765,72,20230707142729,"2023-07-07 15:26:50",4
766,91,20230708090056,"2023-07-08 09:00:56",5
767,14,20230708090056,"2023-07-08 14:50:33",2
768,27,20230709133020,"2023-07-09 13:30:20",4
769,49,20230709133020,"2023-07-09 15:11:24",2
770,18,20230710085712,"2023-07-10 08:57:12",1
771,24,20230710085712,"2023-07-10 14:00:39",2
772,14,20230711090132,"2023-07-11 09:01:32",4
773,97,20230711090132,"2023-07-11 09:53:05",5
774,47,20230711090132,"2023-07-11 11:58:59",2
775,59,20230712100440,"2023-07-12 10:04:40",3
776,32,20230712100440,"2023-07-12 11:53:30",2
777,19,20230713111653,"2023-07-13 11:16:53",5
778,34,20230714111007,"2023-07-14 11:10:07",4
779,47,20230714111007,"2023-07-14 11:36:29",1
780,95,20230714111007,"2023-07-14 12:13:15",3
781,21,20230715095745,"2023-07-15 09:57:45",1
782,24,20230715095745,"2023-07-15 12:01:33",2
783,60,20230715095745,"2023-07-15 16:33:35",4
784,33,20230716092852,"2023-07-16 09:28:52",5
785,18,20230716092852,"2023-07-16 12:48:53",4
786,26,20230716092852,"2023-07-16 13:39:03",2
787,105,20230716092852,"2023-07-16 14:19:40",4
788,67,20230717095235,"2023-07-17 09:52:35",1
789,38,20230717095235,"2023-07-17 12:05:28",1
790,81,20230718095332,"2023-07-18 09:53:32",2
791,61,20230718095332,"2023-07-18 12:56:43",2
792,102,20230718095332,"2023-07-18 14:05:36",2
793,79,20230718095332,"2023-07-18 15:27:06",5
794,85,20230719085240,"2023-07-19 08:52:40",3
795,86,20230720083913,"2023-07-20 08:39:13",3
796,108,20230720083913,"2023-07-20 10:17:29",3
797,29,20230720083913,"2023-07-20 10:39:05",1
798,32,20230722165308,"2023-07-22 16:53:08",3
799,84,20230723110619,"2023-07-23 11:06:19",3
800,65,20230723110619,"2023-07-23 12:39:37",1
801,88,20230724095022,"2023-07-24 09:50:22",3
802,109,20230724095022,"2023-07-24 14:52:45",1
803,31,20230724095022,"2023-07-24 16:21:07",5
804,94,20230725103649,"2023-07-25 10:36:49",2
805,94,20230725103649,"2023-07-25 13:46:18",1
806,69,20230726101959,"2023-07-26 10:19:59",1
807,72,20230726101959,"2023-07-26 12:55:41",3
808,85,20230727122620,"2023-07-27 12:26:20",4
809,33,20230728091306,"2023-07-28 09:13:06",5
810,50,20230728091306,"2023-07-28 11:08:02",5
811,101,20230728091306,"2023-07-28 14:15:05",3
812,53,20230729101655,"2023-07-29 10:16:55",2
813,94,20230729101655,"2023-07-29 13:31:36",3
814,57,20230730155039,"2023-07-30 15:50:39",4
815,104,20230731145746,"2023-07-31 14:57:46",2
816,17,20230801092906,"2023-08-01 09:29:06",2
817,67,20230801092906,"2023-08-01 13:16:48",4
818,93,20230801092906,"2023-08-01 14:47:52",3
819,103,20230801092906,"2023-08-01 16:26:19",4
820,53,20230802084728,"2023-08-02 08:47:28",2
821,38,20230802084728,"2023-08-02 14:56:10",1
822,97,20230803082351,"2023-08-03 08:23:51",4
823,27,20230803082351,"2023-08-03 09:01:38",4
824,99,20230803082351,"2023-08-03 09:46:50",2
825,96,20230803082351,"2023-08-03 10:05:37",3
826,47,20230803082351,"2023-08-03 13:07:40",5
827,66,20230803082351,"2023-08-03 13:17:36",5
828,49,20230803082351,"2023-08-03 16:21:57",2
829,105,20230804081504,"2023-08-04 08:15:04",5
830,43,20230804081504,"2023-08-04 08:36:01",3
831,30,20230804081504,"2023-08-04 11:00:58",4
832,16,20230804081504,"2023-08-04 11:25:39",3
833,67,20230804081504,"2023-08-04 16:15:53",3
834,84,20230805083423,"2023-08-05 08:34:23",5
835,16,20230805083423,"2023-08-05 09:38:02",5
836,32,20230805083423,"2023-08-05 11:37:44",4
837,84,20230805083423,"2023-08-05 13:05:26",2
838,103,20230806103330,"2023-08-06 10:33:30",5
839,13,20230806103330,"2023-08-06 12:45:17",2
840,27,20230807154957,"2023-08-07 15:49:57",1
841,31,20230807154957,"2023-08-07 16:36:59",4
842,37,20230807154957,"2023-08-07 16:47:10",1
843,39,20230808113204,"2023-08-08 11:32:04",4
844,17,20230810083928,"2023-08-10 08:39:28",4
845,62,20230810083928,"2023-08-10 10:54:55",1
846,65,20230810083928,"2023-08-10 16:46:54",4
847,70,20230811085146,"2023-08-11 08:51:46",5
848,45,20230811085146,"2023-08-11 09:27:36",5
849,42,20230811085146,"2023-08-11 10:18:59",5
850,35,20230811085146,"2023-08-11 10:49:06",5
851,65,20230811085146,"2023-08-11 15:31:24",2
852,81,20230812092037,"2023-08-12 09:20:37",2
853,68,20230812092037,"2023-08-12 15:37:10",4
854,81,20230813084348,"2023-08-13 08:43:48",1
855,49,20230813084348,"2023-08-13 09:32:04",1
856,27,20230813084348,"2023-08-13 10:16:10",4
857,54,20230814105019,"2023-08-14 10:50:19",1
858,51,20230814105019,"2023-08-14 11:48:57",4
859,59,20230814105019,"2023-08-14 12:09:15",1
860,40,20230814105019,"2023-08-14 12:16:16",4
861,109,20230814105019,"2023-08-14 12:53:02",1
862,101,20230814105019,"2023-08-14 13:11:53",5
863,83,20230814105019,"2023-08-14 13:20:15",5
864,14,20230814105019,"2023-08-14 14:45:11",2
865,26,20230815135815,"2023-08-15 13:58:15",2
866,99,20230816141832,"2023-08-16 14:18:32",1
867,34,20230816141832,"2023-08-16 14:54:52",5
868,35,20230816141832,"2023-08-16 16:13:01",2
869,57,20230817090340,"2023-08-17 09:03:40",1
870,92,20230817090340,"2023-08-17 09:31:17",3
871,19,20230817090340,"2023-08-17 15:59:11",3
872,19,20230817090340,"2023-08-17 16:25:02",1
873,47,20230817090340,"2023-08-17 16:57:12",3
874,88,20230818085320,"2023-08-18 08:53:20",4
875,109,20230818085320,"2023-08-18 11:23:07",5
876,70,20230818085320,"2023-08-18 13:34:16",5
877,59,20230819084942,"2023-08-19 08:49:42",4
878,23,20230820121227,"2023-08-20 12:12:27",3
879,21,20230820121227,"2023-08-20 15:34:36",3
880,72,20230821082602,"2023-08-21 08:26:02",5
881,37,20230821082602,"2023-08-21 09:40:56",5
882,90,20230821082602,"2023-08-21 11:59:16",4
883,41,20230821082602,"2023-08-21 13:06:17",2
884,92,20230821082602,"2023-08-21 16:13:52",3
885,23,20230822132342,"2023-08-22 13:23:42",1
886,35,20230823113617,"2023-08-23 11:36:17",2
887,15,20230824080755,"2023-08-24 08:07:55",4
888,94,20230824080755,"2023-08-24 09:25:09",4
889,85,20230825134330,"2023-08-25 13:43:30",3
890,23,20230826104905,"2023-08-26 10:49:05",4
891,93,20230826104905,"2023-08-26 12:21:48",1
892,91,20230827121117,"2023-08-27 12:11:17",2
893,12,20230827121117,"2023-08-27 13:04:22",2
894,107,20230828140218,"2023-08-28 14:02:18",4
895,68,20230828140218,"2023-08-28 15:54:41",1
896,89,20230828140218,"2023-08-28 16:38:03",4
897,107,20230829112926,"2023-08-29 11:29:26",3
898,104,20230829112926,"2023-08-29 11:39:03",5
899,63,20230829112926,"2023-08-29 15:04:56",4
900,63,20230830085705,"2023-08-30 08:57:05",5
901,84,20230830085705,"2023-08-30 12:09:56",2
902,106,20230830085705,"2023-08-30 12:33:43",4
903,67,20230830085705,"2023-08-30 12:40:01",5
904,32,20230830085705,"2023-08-30 14:12:46",2
905,43,20230831092715,"2023-08-31 09:27:15",5
906,16,20230831092715,"2023-08-31 11:49:51",2
907,32,20230831092715,"2023-08-31 13:17:14",5
908,67,20230831092715,"2023-08-31 15:14:01",1
909,71,20230831092715,"2023-08-31 16:22:47",5
910,83,20230901124414,"2023-09-01 12:44:14",5
911,95,20230901124414,"2023-09-01 13:47:31",4
912,17,20230901124414,"2023-09-01 15:09:52",2
913,35,20230902083100,"2023-09-02 08:31:00",1
914,51,20230902083100,"2023-09-02 09:45:15",5
915,77,20230902083100,"2023-09-02 15:09:31",2
916,47,20230903093633,"2023-09-03 09:36:33",3
917,38,20230903093633,"2023-09-03 10:09:59",1
918,40,20230903093633,"2023-09-03 13:14:54",1
919,71,20230904093315,"2023-09-04 09:33:15",2
920,72,20230904093315,"2023-09-04 09:38:43",2
921,51,20230904093315,"2023-09-04 09:59:33",4
922,77,20230904093315,"2023-09-04 14:06:51",4
923,20,20230905094958,"2023-09-05 09:49:58",1
924,89,20230905094958,"2023-09-05 13:11:06",2
925,55,20230905094958,"2023-09-05 14:41:21",4
926,45,20230905094958,"2023-09-05 16:00:44",3
927,84,20230906083348,"2023-09-06 08:33:48",5
928,15,20230906083348,"2023-09-06 10:46:51",2
929,60,20230906083348,"2023-09-06 15:35:57",1
930,109,20230907131653,"2023-09-07 13:16:53",3
931,104,20230907131653,"2023-09-07 13:23:34",2
932,98,20230908114334,"2023-09-08 11:43:34",1
933,103,20230908114334,"2023-09-08 12:49:06",1
934,71,20230908114334,"2023-09-08 15:04:07",1
935,12,20230909085407,"2023-09-09 08:54:07",1
936,11,20230909085407,"2023-09-09 12:11:47",1
937,103,20230909085407,"2023-09-09 14:07:28",1
938,69,20230910121439,"2023-09-10 12:14:39",5
939,90,20230910121439,"2023-09-10 13:31:12",1
940,102,20230912100021,"2023-09-12 10:00:21",2
941,18,20230912100021,"2023-09-12 10:15:00",5
942,35,20230912100021,"2023-09-12 11:02:20",5
943,36,20230912100021,"2023-09-12 13:58:12",1
944,31,20230912100021,"2023-09-12 16:15:48",3
945,69,20230912100021,"2023-09-12 16:58:28",5
946,24,20230913150043,"2023-09-13 15:00:43",1
947,29,20230913150043,"2023-09-13 15:53:03",4
948,77,20230914095933,"2023-09-14 09:59:33",5
949,63,20230914095933,"2023-09-14 13:09:22",2
950,72,20230914095933,"2023-09-14 14:34:44",3
951,27,20230915083445,"2023-09-15 08:34:45",2
952,33,20230915083445,"2023-09-15 12:42:55",5
953,51,20230915083445,"2023-09-15 12:56:36",4
954,77,20230916100600,"2023-09-16 10:06:00",3
955,93,20230916100600,"2023-09-16 10:57:09",3
956,87,20230916100600,"2023-09-16 11:19:13",1
957,68,20230916100600,"2023-09-16 12:19:54",3
958,88,20230916100600,"2023-09-16 14:40:49",2
959,95,20230917155306,"2023-09-17 15:53:06",4
960,81,20230917155306,"2023-09-17 16:29:10",4
961,21,20230918081052,"2023-09-18 08:10:52",5
962,88,20230918081052,"2023-09-18 14:09:59",3
963,27,20230918081052,"2023-09-18 14:59:19",3
964,92,20230918081052,"2023-09-18 16:07:29",4
965,106,20230919130759,"2023-09-19 13:07:59",4
966,71,20230920123759,"2023-09-20 12:37:59",4
967,17,20230920123759,"2023-09-20 12:55:52",5
968,102,20230920123759,"2023-09-20 15:43:03",1
969,79,20230921091036,"2023-09-21 09:10:36",2
970,78,20230921091036,"2023-09-21 15:36:13",2
971,38,20230922111119,"2023-09-22 11:11:19",2
972,23,20230922111119,"2023-09-22 12:56:12",3
973,59,20230922111119,"2023-09-22 13:00:18",2
974,77,20230922111119,"2023-09-22 14:44:47",5
975,28,20230922111119,"2023-09-23 11:56:01",1
976,57,20230924114050,"2023-09-23 14:23:02",4
977,15,20230924114050,"2023-09-23 15:05:21",3
978,105,20230924114050,"2023-09-24 11:40:50",2
979,99,20230924114050,"2023-09-24 14:46:53",4
980,54,20230925102003,"2023-09-25 10:20:03",3
981,24,20230925102003,"2023-09-25 15:04:18",2
982,27,20230926085404,"2023-09-26 08:54:04",3
983,74,20230926085404,"2023-09-26 11:09:43",1
984,109,20230926085404,"2023-09-26 16:10:43",4
985,24,20230927122133,"2023-09-27 12:21:33",5
986,42,20230927122133,"2023-09-27 12:54:32",4
987,92,20230927122133,"2023-09-27 13:38:56",2
988,76,20230927122133,"2023-09-27 15:25:38",2
989,79,20230928103729,"2023-09-28 10:37:29",1
990,12,20230928103729,"2023-09-28 13:26:50",3
991,51,20230928103729,"2023-09-28 15:30:22",2
992,55,20230929090346,"2023-09-29 09:03:46",4
993,79,20230930120601,"2023-09-30 12:06:01",3
994,42,20230930120601,"2023-09-30 12:29:44",4
995,56,20230930120601,"2023-09-30 13:30:22",1
996,59,20231001081816,"2023-10-01 08:18:16",4
997,109,20231001081816,"2023-10-01 09:18:49",5
998,41,20231001081816,"2023-10-01 10:03:10",3
999,13,20231001081816,"2023-10-01 11:46:25",3
1000,91,20231001081816,"2023-10-01 11:58:40",3
